proba_non_soft,predicted_label,predicted_consistency
0.09358438800612734,0,soft
0.09358438800612734,0,soft
0.09358438800613522,0,soft
0.09611518180909012,0,soft
0.09358438800613976,0,soft
